generation,evaluation,average,max,std
0,50,5.24723285497655,9.510697623183859,2.204694797388632
