generation,evaluation,best,average,median,std
0,50,-0.7658963585434173,-0.7593271708683474,-0.7591876750700279,0.003911065326040774
1,100,-0.767563025210084,-0.7640831932773108,-0.7642296918767506,0.00214277697072703
